2019年日本喜剧片《虎先生》BD日语中字,http://www.dy2018.com/i/103631.html
2021年日本7.9分剧情犯罪片《黑道与家族》HD日语中字,http://www.dy2018.com/i/103629.html
2018年美国剧情片《禽兽》HD英语中字,http://www.dy2018.com/i/103626.html
2019年美国喜剧动作片《三只老虎》BD英语中字,http://www.dy2018.com/i/103624.html
2021年中国台湾6.0分剧情片《角头外传：浪流连》HD国语中字,http://www.dy2018.com/i/103612.html
2019年日本6.0分悬疑恐怖片《羊与狼的恋爱和杀人》BD日语中字,http://www.dy2018.com/i/103609.html
2020年日本7.3分悬疑犯罪片《罪之声》BD日语中字,http://www.dy2018.com/i/103604.html
2020年日本剧情片《8天就死去的怪兽的12日谈》BD日语中字,http://www.dy2018.com/i/103603.html
2020年日本7.1分剧情片《希望》BD日语中字,http://www.dy2018.com/i/103596.html
2021年中国香港喜剧片《总是有爱在隔离》HD国语中字,http://www.dy2018.com/i/103595.html
2020年中国台湾爱情片《可不可以，你也刚好喜欢我》BD国语中字,http://www.dy2018.com/i/103594.html
2021年欧美科幻惊悚片《太空异旅》BD中英双字,http://www.dy2018.com/i/103583.html
2021年国产动作奇幻片《封神榜：决战万仙阵》HD国语中字,http://www.dy2018.com/i/103575.html
2021年美国惊悚恐怖片《所见所闻》BD中英双字,http://www.dy2018.com/i/103573.html
2021年美国惊悚恐怖片《下方的恶魔》BD英语中字,http://www.dy2018.com/i/103572.html
2020年日本历史片《三国志新解》BD日语中字,http://www.dy2018.com/i/103569.html
2020年日本7.9分奇幻动画片《寻找见习魔女》BD国日双语中字,http://www.dy2018.com/i/103568.html
2021年英国动作片《新雾都孤儿》HD英语中字,http://www.dy2018.com/i/103565.html
2021年美国6.2分动画片《正义协会：二战》BD中英双字,http://www.dy2018.com/i/103560.html
2020年国产历史战争片《英雄连》HD国语中字,http://www.dy2018.com/i/103558.html
2020年日本爱情动画片《恋途未卜》HD日语中字,http://www.dy2018.com/i/103559.html
2021年欧美动作犯罪片《特种空勤团：红色通缉令》BD中英双字,http://www.dy2018.com/i/103555.html
2021年美国动作犯罪片《大师》BD中英双字,http://www.dy2018.com/i/103551.html
2021年欧美科幻惊悚片《偷渡者》BD中英双字,http://www.dy2018.com/i/103547.html
2021年国产动作古装片《墨家机关术》HD国语中字,http://www.dy2018.com/i/103545.html
2021年日本剧情片《异变者》HD日语中字,http://www.dy2018.com/i/103540.html
2020年墨西哥喜剧片《爱在时时刻刻》BD西班牙语中字,http://www.dy2018.com/i/103539.html
2020年日本6.9分喜剧犯罪片《从来没有开枪》BD日语中字,http://www.dy2018.com/i/103535.html
2021年国产悬疑奇幻片《津沽奇谭1：暗城杀机》HD国语中字,http://www.dy2018.com/i/103533.html
2021年日本爱情犯罪片《她》BD日语中字,http://www.dy2018.com/i/103530.html
2020年韩国6.7分悬疑犯罪片《邻居》BD韩语中字,http://www.dy2018.com/i/103528.html
2020年欧美惊悚灾难片《地平线》BD英语中字,http://www.dy2018.com/i/103527.html
2020年中国台湾惊悚恐怖片《杏林医院》BD国语中字,http://www.dy2018.com/i/103519.html
2020年西班牙惊悚片《玩命�p峰》BD西班牙语中字,http://www.dy2018.com/i/103516.html
2020年日本悬疑片《沉默东京》BD日语中字,http://www.dy2018.com/i/103511.html
2020年欧美爱情片《星期一》BD中英双字,http://www.dy2018.com/i/103509.html
2020年日本7.3分剧情片《�沃�料理帖》BD日语中字,http://www.dy2018.com/i/103500.html
2021年美国动作惊悚片《神枪手》BD中英双字,http://www.dy2018.com/i/103496.html
2020年韩国喜剧科幻片《活死人之夜》BD中英双字,http://www.dy2018.com/i/103494.html
2021年英国喜剧恐怖片《闹鬼旅馆》BD中英双字,http://www.dy2018.com/i/103489.html
2020年韩国6.3分剧情片《乐园之夜》BD中英双字,http://www.dy2018.com/i/103488.html
2021年中国香港喜剧爱情片《不日成婚》HD国粤双语中字,http://www.dy2018.com/i/103485.html
2020年英国恐怖片《女巫清算》BD中英双字,http://www.dy2018.com/i/103470.html
2021年国产喜剧爱情片《心里有数》HD国语中字,http://www.dy2018.com/i/103462.html
2021年美国喜剧动作片《雷霆女神》BD中英双字,http://www.dy2018.com/i/103461.html
2020年欧美6.3分动作惊悚片《破浪而出》BD中英双字,http://www.dy2018.com/i/103460.html
2021年美国犯罪片《经纪人》BD中英双字,http://www.dy2018.com/i/103459.html
2021年国产彭禺厶奇幻片《茅山大师》HD国语中字,http://www.dy2018.com/i/103455.html
2021年欧美喜剧惊悚片《尤巴县突发新闻》BD中英双字,http://www.dy2018.com/i/103454.html
2019年国产喜剧爱情片《逗爱熊仁镇》HD国语中字,http://www.dy2018.com/i/103453.html
2020年日本6.9分喜剧片《别对映像研出手！》BD日语中字,http://www.dy2018.com/i/103452.html
2020年日本6.3分剧情悬疑片《人数之町》BD日语中字,http://www.dy2018.com/i/103447.html
2021年美国尼古拉斯・凯奇恐怖片《威利的游乐园》BD中英双字,http://www.dy2018.com/i/103442.html
2020年中国台湾6.1分喜剧片《腿》HD国语中字,http://www.dy2018.com/i/103441.html
2020年欧美剧情片《贫民区牛仔》BD英语中字,http://www.dy2018.com/i/103428.html
2020年日本剧情片《安乐死医师的遗产》BD日语中字,http://www.dy2018.com/i/103435.html
2020年欧美6.1分动画《汪汪队立大功之超能救援》HD国英双语中字,http://www.dy2018.com/i/103423.html
2017年日本动画《命运之夜――天之杯Ⅰ：恶兆之花》BD日语中字,http://www.dy2018.com/i/103422.html
2021年国产喜剧动作片《我的野蛮女掌门》HD国语中字,http://www.dy2018.com/i/103420.html
2019年日本动画《命运之夜――天之杯Ⅱ：迷失之蝶》BD日语中字,http://www.dy2018.com/i/103418.html
2021年国产历史战争片《浴血无名川》HD国语中字,http://www.dy2018.com/i/103411.html
2021年国产6.3分悬疑恐怖片《兴安岭猎人传说》HD国语中字,http://www.dy2018.com/i/103409.html
2021年美国喜剧片《巴布与斯塔尔的维斯塔德尔玛之旅》BD双字,http://www.dy2018.com/i/103406.html
2021年国产动作古装片《黄飞鸿之武神林世荣》HD国语中字,http://www.dy2018.com/i/103405.html
2020年英国7.3分爱情片《超新星》BD中英双字,http://www.dy2018.com/i/103404.html
2020年日本动画片《命运之夜――天之杯Ⅲ：春之歌》BD日语中字,http://www.dy2018.com/i/103402.html
2021年国产悬疑惊悚片《重启之蛇骨佛蜕》HD国语中字,http://www.dy2018.com/i/103394.html
2020年俄罗斯7.5分战争片《最后的前线》BD俄语中字,http://www.dy2018.com/i/103393.html
2019年美国剧情片《井下9人》BD英语中字,http://www.dy2018.com/i/103392.html
2021年美国战争犯罪片《400发子弹》BD中英双字,http://www.dy2018.com/i/103391.html
2020年加拿大喜剧恐怖片《杀人牛仔裤》BD英语中字,http://www.dy2018.com/i/103387.html
2020年加拿大惊悚片《送终人》BD中英双字,http://www.dy2018.com/i/103386.html
2021年国产潘长江喜剧片《老潘的归途》HD国语中字,http://www.dy2018.com/i/103380.html
2020年日本7.2分爱情动画片《海边的异邦人》BD日语中字,http://www.dy2018.com/i/103377.html
2020年英国6.0分喜剧奇幻片《欢快的鬼魂》BD英语中字,http://www.dy2018.com/i/103374.html
2021年国产王太利柳岩喜剧片《冒牌大保镖》HD国语中字,http://www.dy2018.com/i/103370.html
2021年国产动作奇幻片《蜀山之万剑封魔》HD国语中字,http://www.dy2018.com/i/103369.html
2019年德国7.5分喜剧爱情片《梦工厂》BD德语中字,http://www.dy2018.com/i/103368.html
2019年日本7.1分剧情片《在蓝色时分飞翔》BD日语中字,http://www.dy2018.com/i/103364.html
2020年美国8.2分纪录片《刺杀》BD中字,http://www.dy2018.com/i/103363.html
2020年日本7.6分剧情家庭片《脚步》BD日语中字,http://www.dy2018.com/i/103357.html
2020年日本7.2分剧情片《飙速宅男》BD日语中字,http://www.dy2018.com/i/103356.html
2021年国产扶贫剧情片《草原上的萨日朗》HD国语中字,http://www.dy2018.com/i/103349.html
2021年国产释小龙动作奇幻片《燕赤霞猎妖传》HD国语中字,http://www.dy2018.com/i/103347.html
2021年国产徐冬冬谢苗动作片《老板娘》HD国语中字,http://www.dy2018.com/i/103345.html
2021年国产喜剧奇幻片《窈窕老爹》HD国语中字,http://www.dy2018.com/i/103339.html
2021年西班牙7.1分动作犯罪片《沿路而下》BD英语中字,http://www.dy2018.com/i/103338.html
2020年日本6.8分爱情片《线》BD日语中字,http://www.dy2018.com/i/103333.html
2021年国产爱情奇幻片《白蛇：情劫》HD国语中字,http://www.dy2018.com/i/103326.html
2020年日本恐怖片《凶宅怪谈》BD日语中字,http://www.dy2018.com/i/103329.html
2020年日本剧情片《前田建设梦幻营业部》BD日语中字,http://www.dy2018.com/i/103328.html
2021年加拿大6.0分惊悚片《危机》BD中英双字,http://www.dy2018.com/i/103325.html
2021年美国6.1分喜剧片《有求必应日》BD英语中字,http://www.dy2018.com/i/103324.html
2021年美国6.7分剧情犯罪片《谢里》BD中英双字,http://www.dy2018.com/i/103323.html
2021年国产郭冬临喜剧片《东北往事之大叔真帅》HD国语中字,http://www.dy2018.com/i/103319.html
2020年西班牙喜剧爱情片《罗莎的婚礼》BD中字,http://www.dy2018.com/i/103318.html
2021年美国剧情片《暗网：蝉3301》BD中英双字,http://www.dy2018.com/i/103315.html
2019年国产剧情片《武动天地》HD国语中字,http://www.dy2018.com/i/103312.html
2021年美国7.8分喜剧片《女生要革命》BD中英双字,http://www.dy2018.com/i/103310.html
2020年欧美7.5分动画片《何塞》BD中英双字,http://www.dy2018.com/i/103307.html
2019年美国动作惊悚片《格兰德岛》BD中英双字,http://www.dy2018.com/i/103306.html
2020年日本动作片《狂武藏》BD日语中字,http://www.dy2018.com/i/103305.html
2020年中国香港喜剧爱情片《失恋反攻队》BD国粤双语中字,http://www.dy2018.com/i/103304.html
2021年国产丁海峰潘长江剧情片《武松血战狮子楼》HD国语中字,http://www.dy2018.com/i/103302.html
2021年国产巩汉林喜剧片《村里有情况》HD国语中字,http://www.dy2018.com/i/103301.html
2021年国产宋晓峰贾冰喜剧片《东北轴神》HD国语中字,http://www.dy2018.com/i/103298.html
2021年法国动作片《哨兵行动》BD中英双字,http://www.dy2018.com/i/103297.html
2021年国产扶贫剧情片《我的第二故乡》HD国语中字,http://www.dy2018.com/i/103296.html
2021年国产陈浩民动作悬疑片《狄仁杰：长安变》HD国语中字,http://www.dy2018.com/i/103292.html
2021年美国动作科幻片《外星罪孽》BD中英双字,http://www.dy2018.com/i/103287.html
2021年欧美7.2分惊悚片《毛里塔尼亚人》BD中字,http://www.dy2018.com/i/103284.html
2021年日本悬疑动画片《名侦探柯南：绯色的不在场证明》BD中字,http://www.dy2018.com/i/103282.html
2021年国产动作片《铜皮铁骨方世玉》HD国语中字,http://www.dy2018.com/i/103280.html
2020年美国惊悚片《致命女郎》BD中英双字,http://www.dy2018.com/i/103278.html
2019年英国剧情悬疑片《伊丽莎白不见了》BD中英双字,http://www.dy2018.com/i/103277.html
2021年国产动作奇幻片《一眉先生》HD国语中字,http://www.dy2018.com/i/103274.html
2019年国产6.2分喜剧动画片《动物特工局》BD国语中字,http://www.dy2018.com/i/103273.html
2021年欧美动作爱情片《救赎之日》BD中字,http://www.dy2018.com/i/103269.html
2021年中国香港剧情片《把砒霜留给自己》BD中字,http://www.dy2018.com/i/103268.html
2019年美国6.6分喜剧片《我们都不满意》BD中英双字,http://www.dy2018.com/i/103266.html
2020年英国剧情片《星尘》BD中字,http://www.dy2018.com/i/103265.html
2021年国产谢苗动作奇幻片《修仙传之炼剑》HD国语中字,http://www.dy2018.com/i/103263.html
2020年韩国6.4分音乐片《说唱艺人》BD韩语中字,http://www.dy2018.com/i/103260.html
2019年比利时6.1喜剧恐怖片《美味》BD中英双字,http://www.dy2018.com/i/103256.html
2020年巴西法国剧情片《所有死者》BD中英双字,http://www.dy2018.com/i/103255.html
2020年欧美喜剧片《半血缘兄弟》BD中英双字,http://www.dy2018.com/i/103254.html
2020年日本奇幻动画片《阿雅与魔女》BD中字,http://www.dy2018.com/i/103253.html
2019年美国剧情片《最后的维米尔》BD中英双字,http://www.dy2018.com/i/103250.html
2020年美国动作冒险片《要敌》BD中字,http://www.dy2018.com/i/103249.html
2021年国产吴刚剧情家庭片《没有过不去的年》HD国语中字,http://www.dy2018.com/i/103242.html
2021年国产7.1分奇幻动画片《海底小纵队：火焰之环》HD国语中字,http://www.dy2018.com/i/103241.html
2020年美国6.1分爱情片《我的一生》BD英语中字,http://www.dy2018.com/i/103239.html
2021年美国6.7分喜剧冒险片《弗罗拉与松鼠侠》BD中字,http://www.dy2018.com/i/103236.html
2021年美国惊悚恐怖片《恐雨》BD中英双字,http://www.dy2018.com/i/103235.html
2021年瑞典惊悚片《红点杀机》BD中英双字,http://www.dy2018.com/i/103229.html
2021年国产喜剧爱情片《移情高手》HD国语中字,http://www.dy2018.com/i/103227.html
2021年美国7.6分动作片《新王加冕》BD中英双字,http://www.dy2018.com/i/103224.html
2020年法国6.9分喜剧犯罪片《毒贩大妈》BD中字,http://www.dy2018.com/i/103220.html
2021年美国惊悚犯罪片《丝绸之路》BD中英双字,http://www.dy2018.com/i/103216.html
2021年国产赵文卓动作片《反击》HD国语中字,http://www.dy2018.com/i/103213.html
2020年美国动作科幻片《怪物狩猎者》BD中字,http://www.dy2018.com/i/103212.html
2020年美国悬疑犯罪片《亡命徒》BD中英双字,http://www.dy2018.com/i/103211.html
2021年美国6.8分喜剧爱情片《致所有我曾爱过的男孩3》BD中字,http://www.dy2018.com/i/103199.html
2020年俄罗斯6.0分动作科幻片《银河守门员》BD中字,http://www.dy2018.com/i/103206.html
2021年德国6.1分惊悚恐怖片《致命弯道》BD中字,http://www.dy2018.com/i/103205.html
2021年美国奇幻片《微小完美事物的地图》BD中字,http://www.dy2018.com/i/103191.html
2020年韩国动作片《剑客》BD韩语中字,http://www.dy2018.com/i/103189.html
2019年美国科幻惊悚片《暗夜凶光》BD中英双字,http://www.dy2018.com/i/103180.html
2020年国产动作犯罪片《无间行者之生死潜行》BD粤语中字,http://www.dy2018.com/i/102735.html
2021年美国7.3分爱情片《马尔科姆与玛丽》BD中字,http://www.dy2018.com/i/103177.html
2021年美国6.1分科幻片《极乐》BD中字,http://www.dy2018.com/i/103176.html
2021年欧美喜剧片《戈弗雷》BD中字,http://www.dy2018.com/i/103171.html
2020年美国喜剧动作片《超级智能》BD中字,http://www.dy2018.com/i/103170.html
2020年日本冒险片《青涩的伤痛与脆弱》BD日语中字,http://www.dy2018.com/i/103166.html
2020年美国爱情片《2颗心》BD中字,http://www.dy2018.com/i/103165.html
2021年国产动漫电影《灵域1》HD国语中字,http://www.dy2018.com/i/103163.html
2019年英国6.2分恐怖片《圣人莫德》BD中英双字,http://www.dy2018.com/i/103160.html
2020年日本6.7分动漫电影《顺其自然的日子》BD日语中字,http://www.dy2018.com/i/103158.html
2019年国产剧情片《少女佳禾》HD国语中字,http://www.dy2018.com/i/103157.html
2021年国产吕良伟元彪动作片《卸甲归来》HD国语中字,http://www.dy2018.com/i/103155.html
2021年西班牙6.8分动作惊悚片《零度以下》BD西班牙语中字,http://www.dy2018.com/i/103144.html
2021年美国7.6分剧情片《帕尔默》BD中英双字,http://www.dy2018.com/i/103145.html
2021年国产喜剧片《极品芝麻官》HD国语中字,http://www.dy2018.com/i/103150.html
2021年英国7.8分传记历史片《发掘》BD中字,http://www.dy2018.com/i/103146.html
2021年国产宋晓峰喜剧片《让我过过瘾》HD国语中字,http://www.dy2018.com/i/103143.html
2020年欧美7.1分惊悚恐怖片《血腥地狱》HD中英双字,http://www.dy2018.com/i/103142.html
2020年日本6.7分喜剧片《碧蓝之海》BD日语中字,http://www.dy2018.com/i/103140.html
2019年澳大利亚传记片《我是女人》BD中英双字,http://www.dy2018.com/i/103139.html
2021年中国香港动作犯罪片《重案行动之捣毒任务》HD国语中字,http://www.dy2018.com/i/103136.html
2020年塞尔维亚7.8分剧情片《一个父亲的寻子之路》HD中字,http://www.dy2018.com/i/103135.html
2020年欧美6.7分剧情片《企鹅布鲁姆》BD中字,http://www.dy2018.com/i/103134.html
2020年俄罗斯7.4分剧情片《捕鲸男孩》HD中字,http://www.dy2018.com/i/103132.html
2019年印度6.0分喜剧片《骗行天下》BD中字,http://www.dy2018.com/i/103133.html
2020年国产6.3分剧情片《天堂的张望》HD国语中字,http://www.dy2018.com/i/103077.html
2020年泰国喜剧片《乘风破浪泰国版》HD泰语中字,http://www.dy2018.com/i/103126.html
2019年美国剧情片《暴徒小镇》BD中字,http://www.dy2018.com/i/103127.html
2021年国产武侠古装片《有匪・破雪斩》HD国语中字,http://www.dy2018.com/i/103125.html
2021年美国6.0分冒险动画片《蝙蝠侠：龙之魂》BD中英双字,http://www.dy2018.com/i/103121.html
2021年国产保剑锋奇幻古装片《长安伏妖》HD国语中字,http://www.dy2018.com/i/103117.html
2020年日本6.7分爱情片《恋途未卜》BD日语中字,http://www.dy2018.com/i/103109.html
2019年德国6.1分喜剧爱情片《双面甜心》BD中字,http://www.dy2018.com/i/103105.html
2021年印度美国犯罪片《白虎》BD中英双字,http://www.dy2018.com/i/103104.html
2020年美国6.2分惊悚片《迷盲》BD中英双字,http://www.dy2018.com/i/103101.html
2019年法国希腊7.2分传记片《房间里的成年人》BD中字,http://www.dy2018.com/i/103100.html
2020年欧美动作恐怖片《云中阴影》BD中字,http://www.dy2018.com/i/103099.html
2019年美国科幻片《马克思和秘密之房》BD中字,http://www.dy2018.com/i/103092.html
2019年欧美7.2分动画片《西西里著名的熊入侵事件》BD中字,http://www.dy2018.com/i/103086.html
2020年美国5.9分科幻恐怖片《同步》BD中英双字,http://www.dy2018.com/i/103085.html
2020年美国动作片《救赎者》BD中字,http://www.dy2018.com/i/103084.html
2020年美国6.4分剧情片《迈阿密的一夜》BD中字,http://www.dy2018.com/i/103083.html
2020年欧美剧情片《警察》BD中英双字,http://www.dy2018.com/i/103074.html
2021年英国喜剧犯罪片《封锁》BD中英双字,http://www.dy2018.com/i/103069.html
2021年国产动作片《武动乾坤：九重符塔》HD国语中字,http://www.dy2018.com/i/103061.html
2021年美国动作科幻片《末日激战》HD中字,http://www.dy2018.com/i/103059.html
2020年国产喜剧片《陈翔六点半之民间高手》HD国语中字修正版,http://www.dy2018.com/i/102982.html
2020年美国6.8分动作冒险片《世界新闻》BD中英双字,http://www.dy2018.com/i/103054.html
2020年法国传记历史片《戴高乐》BD中英双字,http://www.dy2018.com/i/103029.html
2020年美国剧情片《格洛丽亚在路上》BD中字,http://www.dy2018.com/i/103021.html
2020年美国科幻恐怖片《占据》BD中字,http://www.dy2018.com/i/103020.html
2019年美国动作犯罪片《疾速杀机》BD中字,http://www.dy2018.com/i/103019.html
