2020-01-13,澳大利亚雨水漆黑如墨,https://s.weibo.com/weibo?q=%23%E6%BE%B3%E5%A4%A7%E5%88%A9%E4%BA%9A%E9%9B%A8%E6%B0%B4%E6%BC%86%E9%BB%91%E5%A6%82%E5%A2%A8%23&Refer=top
2020-01-13,父亲忙着回微信4岁儿子失踪后不幸身亡,https://s.weibo.com/weibo?q=%23%E7%88%B6%E4%BA%B2%E5%BF%99%E7%9D%80%E5%9B%9E%E5%BE%AE%E4%BF%A14%E5%B2%81%E5%84%BF%E5%AD%90%E5%A4%B1%E8%B8%AA%E5%90%8E%E4%B8%8D%E5%B9%B8%E8%BA%AB%E4%BA%A1%23&Refer=top
2020-01-13,小朵第二集就死了,https://s.weibo.com/weibo?q=%23%E5%B0%8F%E6%9C%B5%E7%AC%AC%E4%BA%8C%E9%9B%86%E5%B0%B1%E6%AD%BB%E4%BA%86%23&Refer=top
2020-01-14,高以翔去世后焦俊艳再发声,https://s.weibo.com/weibo?q=%23%E9%AB%98%E4%BB%A5%E7%BF%94%E5%8E%BB%E4%B8%96%E5%90%8E%E7%84%A6%E4%BF%8A%E8%89%B3%E5%86%8D%E5%8F%91%E5%A3%B0%23&Refer=top
2020-01-14,张子枫参加艺考,https://s.weibo.com/weibo?q=%23%E5%BC%A0%E5%AD%90%E6%9E%AB%E5%8F%82%E5%8A%A0%E8%89%BA%E8%80%83%23&Refer=top
2020-01-14,张杰谢娜拥吻,https://s.weibo.com/weibo?q=%23%E5%BC%A0%E6%9D%B0%E8%B0%A2%E5%A8%9C%E6%8B%A5%E5%90%BB%23&Refer=top
2020-01-14,老爸突然看到2年没回国的儿子,https://s.weibo.com/weibo?q=%23%E8%80%81%E7%88%B8%E7%AA%81%E7%84%B6%E7%9C%8B%E5%88%B02%E5%B9%B4%E6%B2%A1%E5%9B%9E%E5%9B%BD%E7%9A%84%E5%84%BF%E5%AD%90%23&Refer=top
2020-01-14,微信新表情,https://s.weibo.com/weibo?q=%23%E5%BE%AE%E4%BF%A1%E6%96%B0%E8%A1%A8%E6%83%85%23&Refer=top
2020-01-14,1元纸币上的女拖拉机手梁军去世,https://s.weibo.com/weibo?q=%231%E5%85%83%E7%BA%B8%E5%B8%81%E4%B8%8A%E7%9A%84%E5%A5%B3%E6%8B%96%E6%8B%89%E6%9C%BA%E6%89%8B%E6%A2%81%E5%86%9B%E5%8E%BB%E4%B8%96%23&Refer=top
2020-01-15,春晚主持人,https://s.weibo.com/weibo?q=%23%E6%98%A5%E6%99%9A%E4%B8%BB%E6%8C%81%E4%BA%BA%23&Refer=top
2020-01-15,马云的福字,https://s.weibo.com/weibo?q=%23%E9%A9%AC%E4%BA%91%E7%9A%84%E7%A6%8F%E5%AD%97%23&Refer=top
2020-01-15,故宫取消年夜饭,https://s.weibo.com/weibo?q=%23%E6%95%85%E5%AE%AB%E5%8F%96%E6%B6%88%E5%B9%B4%E5%A4%9C%E9%A5%AD%23&Refer=top
2020-01-15,岳云鹏被网友p图与靳东撞衫,https://s.weibo.com/weibo?q=%23%E5%B2%B3%E4%BA%91%E9%B9%8F%E8%A2%AB%E7%BD%91%E5%8F%8Bp%E5%9B%BE%E4%B8%8E%E9%9D%B3%E4%B8%9C%E6%92%9E%E8%A1%AB%23&Refer=top
2020-01-15,俄政府全体辞职,https://s.weibo.com/weibo?q=%E4%BF%84%E6%94%BF%E5%BA%9C%E5%85%A8%E4%BD%93%E8%BE%9E%E8%81%8C&Refer=top
2020-01-15,孙杨夺冠,https://s.weibo.com/weibo?q=%23%E5%AD%99%E6%9D%A8%E5%A4%BA%E5%86%A0%23&Refer=top
2020-01-15,爱情公寓5道歉,https://s.weibo.com/weibo?q=%23%E7%88%B1%E6%83%85%E5%85%AC%E5%AF%935%E9%81%93%E6%AD%89%23&Refer=top
2020-01-16,成龙杨洋偷吃蛋糕,https://s.weibo.com/weibo?q=%23%E6%88%90%E9%BE%99%E6%9D%A8%E6%B4%8B%E5%81%B7%E5%90%83%E8%9B%8B%E7%B3%95%23&Refer=top
2020-01-16,张云雷 手术很顺利,https://s.weibo.com/weibo?q=%E5%BC%A0%E4%BA%91%E9%9B%B7%20%E6%89%8B%E6%9C%AF%E5%BE%88%E9%A1%BA%E5%88%A9&Refer=top
2020-01-16,Lucky长大了,https://s.weibo.com/weibo?q=%23Lucky%E9%95%BF%E5%A4%A7%E4%BA%86%23&Refer=top
2020-01-17,张子枫艺考分数,https://s.weibo.com/weibo?q=%23%E5%BC%A0%E5%AD%90%E6%9E%AB%E8%89%BA%E8%80%83%E5%88%86%E6%95%B0%23&Refer=top
2020-01-17,开车进故宫,https://s.weibo.com/weibo?q=%23%E5%BC%80%E8%BD%A6%E8%BF%9B%E6%95%85%E5%AE%AB%23&Refer=top
2020-01-17,故宫回应开车进入故宫事件,https://s.weibo.com/weibo?q=%E6%95%85%E5%AE%AB%E5%9B%9E%E5%BA%94%E5%BC%80%E8%BD%A6%E8%BF%9B%E5%85%A5%E6%95%85%E5%AE%AB%E4%BA%8B%E4%BB%B6&Refer=top
2020-01-17,开车进故宫奔驰车主回应,https://s.weibo.com/weibo?q=%23%E5%BC%80%E8%BD%A6%E8%BF%9B%E6%95%85%E5%AE%AB%E5%A5%94%E9%A9%B0%E8%BD%A6%E4%B8%BB%E5%9B%9E%E5%BA%94%23&Refer=top
2020-01-18,王俊凯自己开车参加春晚联排,https://s.weibo.com/weibo?q=%23%E7%8E%8B%E4%BF%8A%E5%87%AF%E8%87%AA%E5%B7%B1%E5%BC%80%E8%BD%A6%E5%8F%82%E5%8A%A0%E6%98%A5%E6%99%9A%E8%81%94%E6%8E%92%23&Refer=top
2020-01-18,雪莉哥哥ins,https://s.weibo.com/weibo?q=%23%E9%9B%AA%E8%8E%89%E5%93%A5%E5%93%A5ins%23&Refer=top
2020-01-18,李庚希跟徐峥要易烊千玺演唱会门票,https://s.weibo.com/weibo?q=%23%E6%9D%8E%E5%BA%9A%E5%B8%8C%E8%B7%9F%E5%BE%90%E5%B3%A5%E8%A6%81%E6%98%93%E7%83%8A%E5%8D%83%E7%8E%BA%E6%BC%94%E5%94%B1%E4%BC%9A%E9%97%A8%E7%A5%A8%23&Refer=top
2020-01-19,泫雅泳池中与男友接吻,https://s.weibo.com/weibo?q=%23%E6%B3%AB%E9%9B%85%E6%B3%B3%E6%B1%A0%E4%B8%AD%E4%B8%8E%E7%94%B7%E5%8F%8B%E6%8E%A5%E5%90%BB%23&Refer=top
2020-01-19,孙怡 可爱,https://s.weibo.com/weibo?q=%E5%AD%99%E6%80%A1%20%E5%8F%AF%E7%88%B1&Refer=top
2020-01-20,李子柒弹棉花,https://s.weibo.com/weibo?q=%23%E6%9D%8E%E5%AD%90%E6%9F%92%E5%BC%B9%E6%A3%89%E8%8A%B1%23&Refer=top
2020-01-20,宋丹丹最后一次上春晚,https://s.weibo.com/weibo?q=%23%E5%AE%8B%E4%B8%B9%E4%B8%B9%E6%9C%80%E5%90%8E%E4%B8%80%E6%AC%A1%E4%B8%8A%E6%98%A5%E6%99%9A%23&Refer=top
2020-01-21,武汉成立疫情防控指挥部,https://s.weibo.com/weibo?q=%23%E6%AD%A6%E6%B1%89%E6%88%90%E7%AB%8B%E7%96%AB%E6%83%85%E9%98%B2%E6%8E%A7%E6%8C%87%E6%8C%A5%E9%83%A8%23&Refer=top
2020-01-21,浙江确诊首例新型冠状病毒肺炎,https://s.weibo.com/weibo?q=%23%E6%B5%99%E6%B1%9F%E7%A1%AE%E8%AF%8A%E9%A6%96%E4%BE%8B%E6%96%B0%E5%9E%8B%E5%86%A0%E7%8A%B6%E7%97%85%E6%AF%92%E8%82%BA%E7%82%8E%23&Refer=top
2020-01-21,国内确诊291例新型冠状病毒肺炎病例,https://s.weibo.com/weibo?q=%23%E5%9B%BD%E5%86%85%E7%A1%AE%E8%AF%8A291%E4%BE%8B%E6%96%B0%E5%9E%8B%E5%86%A0%E7%8A%B6%E7%97%85%E6%AF%92%E8%82%BA%E7%82%8E%E7%97%85%E4%BE%8B%23&Refer=top
2020-01-23,春节档电影全部撤档,https://s.weibo.com/weibo?q=%E6%98%A5%E8%8A%82%E6%A1%A3%E7%94%B5%E5%BD%B1%E5%85%A8%E9%83%A8%E6%92%A4%E6%A1%A3&Refer=top
2020-01-23,全国确诊新型肺炎病例,https://s.weibo.com/weibo?q=%23%E5%85%A8%E5%9B%BD%E7%A1%AE%E8%AF%8A%E6%96%B0%E5%9E%8B%E8%82%BA%E7%82%8E%E7%97%85%E4%BE%8B%23&Refer=top
2020-01-23,武汉封城后的市民生活,https://s.weibo.com/weibo?q=%E6%AD%A6%E6%B1%89%E5%B0%81%E5%9F%8E%E5%90%8E%E7%9A%84%E5%B8%82%E6%B0%91%E7%94%9F%E6%B4%BB&Refer=top
2020-01-24,佟丽娅好美,https://s.weibo.com/weibo?q=%E4%BD%9F%E4%B8%BD%E5%A8%85%E5%A5%BD%E7%BE%8E&Refer=top
2020-01-26,华南海鲜市场存在大量新冠病毒,https://s.weibo.com/weibo?q=%E5%8D%8E%E5%8D%97%E6%B5%B7%E9%B2%9C%E5%B8%82%E5%9C%BA%E5%AD%98%E5%9C%A8%E5%A4%A7%E9%87%8F%E6%96%B0%E5%86%A0%E7%97%85%E6%AF%92&Refer=top
2020-01-26,500万人离开武汉,https://s.weibo.com/weibo?q=500%E4%B8%87%E4%BA%BA%E7%A6%BB%E5%BC%80%E6%AD%A6%E6%B1%89&Refer=top
2020-01-27,北京地铁将全线测体温,https://s.weibo.com/weibo?q=%23%E5%8C%97%E4%BA%AC%E5%9C%B0%E9%93%81%E5%B0%86%E5%85%A8%E7%BA%BF%E6%B5%8B%E4%BD%93%E6%B8%A9%23&Refer=top
2020-01-27,阿富汗航班坠毁,https://s.weibo.com/weibo?q=%23%E9%98%BF%E5%AF%8C%E6%B1%97%E8%88%AA%E7%8F%AD%E5%9D%A0%E6%AF%81%23&Refer=top
2020-01-27,钟南山团队防护物资奇缺,https://s.weibo.com/weibo?q=%E9%92%9F%E5%8D%97%E5%B1%B1%E5%9B%A2%E9%98%9F%E9%98%B2%E6%8A%A4%E7%89%A9%E8%B5%84%E5%A5%87%E7%BC%BA&Refer=top
2020-01-27,日本不分国籍公费治疗新冠肺炎,https://s.weibo.com/weibo?q=%E6%97%A5%E6%9C%AC%E4%B8%8D%E5%88%86%E5%9B%BD%E7%B1%8D%E5%85%AC%E8%B4%B9%E6%B2%BB%E7%96%97%E6%96%B0%E5%86%A0%E8%82%BA%E7%82%8E&Refer=top
2020-01-27,黑龙江暂停全部省际包车客运,https://s.weibo.com/weibo?q=%E9%BB%91%E9%BE%99%E6%B1%9F%E6%9A%82%E5%81%9C%E5%85%A8%E9%83%A8%E7%9C%81%E9%99%85%E5%8C%85%E8%BD%A6%E5%AE%A2%E8%BF%90&Refer=top
2020-01-28,全国累计确诊病例4515例,https://s.weibo.com/weibo?q=%E5%85%A8%E5%9B%BD%E7%B4%AF%E8%AE%A1%E7%A1%AE%E8%AF%8A%E7%97%85%E4%BE%8B4515%E4%BE%8B&Refer=top
2020-01-28,郑州超市一颗白菜卖63被罚50万,https://s.weibo.com/weibo?q=%23%E9%83%91%E5%B7%9E%E8%B6%85%E5%B8%82%E4%B8%80%E9%A2%97%E7%99%BD%E8%8F%9C%E5%8D%9663%E8%A2%AB%E7%BD%9A50%E4%B8%87%23&Refer=top
2020-01-28,钟南山为支援湖北医疗队加油,https://s.weibo.com/weibo?q=%E9%92%9F%E5%8D%97%E5%B1%B1%E4%B8%BA%E6%94%AF%E6%8F%B4%E6%B9%96%E5%8C%97%E5%8C%BB%E7%96%97%E9%98%9F%E5%8A%A0%E6%B2%B9&Refer=top
2020-01-28,不会因春运返程出现大传染,https://s.weibo.com/weibo?q=%E4%B8%8D%E4%BC%9A%E5%9B%A0%E6%98%A5%E8%BF%90%E8%BF%94%E7%A8%8B%E5%87%BA%E7%8E%B0%E5%A4%A7%E4%BC%A0%E6%9F%93&Refer=top
2020-01-29,新型肺炎确诊人数超过非典,https://s.weibo.com/weibo?q=%23%E6%96%B0%E5%9E%8B%E8%82%BA%E7%82%8E%E7%A1%AE%E8%AF%8A%E4%BA%BA%E6%95%B0%E8%B6%85%E8%BF%87%E9%9D%9E%E5%85%B8%23&Refer=top
2020-01-29,一场同学会6人确诊,https://s.weibo.com/weibo?q=%23%E4%B8%80%E5%9C%BA%E5%90%8C%E5%AD%A6%E4%BC%9A6%E4%BA%BA%E7%A1%AE%E8%AF%8A%23&Refer=top
2020-01-30,有患者4次检测才确诊,https://s.weibo.com/weibo?q=%23%E6%9C%89%E6%82%A3%E8%80%854%E6%AC%A1%E6%A3%80%E6%B5%8B%E6%89%8D%E7%A1%AE%E8%AF%8A%23&Refer=top
2020-01-30,武汉发来的快递不用拒收,https://s.weibo.com/weibo?q=%E6%AD%A6%E6%B1%89%E5%8F%91%E6%9D%A5%E7%9A%84%E5%BF%AB%E9%80%92%E4%B8%8D%E7%94%A8%E6%8B%92%E6%94%B6&Refer=top
2020-01-30,卫生局副局长泄露患者隐私被查处,https://s.weibo.com/weibo?q=%E5%8D%AB%E7%94%9F%E5%B1%80%E5%89%AF%E5%B1%80%E9%95%BF%E6%B3%84%E9%9C%B2%E6%82%A3%E8%80%85%E9%9A%90%E7%A7%81%E8%A2%AB%E6%9F%A5%E5%A4%84&Refer=top
2020-01-30,湖北脑瘫儿死者父亲发声,https://s.weibo.com/weibo?q=%23%E6%B9%96%E5%8C%97%E8%84%91%E7%98%AB%E5%84%BF%E6%AD%BB%E8%80%85%E7%88%B6%E4%BA%B2%E5%8F%91%E5%A3%B0%23&Refer=top
2020-01-30,詹姆斯纹身,https://s.weibo.com/weibo?q=%E8%A9%B9%E5%A7%86%E6%96%AF%E7%BA%B9%E8%BA%AB&Refer=top
2020-01-31,人类拍到迄今最清晰的太阳照片,https://s.weibo.com/weibo?q=%23%E4%BA%BA%E7%B1%BB%E6%8B%8D%E5%88%B0%E8%BF%84%E4%BB%8A%E6%9C%80%E6%B8%85%E6%99%B0%E7%9A%84%E5%A4%AA%E9%98%B3%E7%85%A7%E7%89%87%23&Refer=top
2020-01-31,广州一市场仍在偷卖野生动物,https://s.weibo.com/weibo?q=%E5%B9%BF%E5%B7%9E%E4%B8%80%E5%B8%82%E5%9C%BA%E4%BB%8D%E5%9C%A8%E5%81%B7%E5%8D%96%E9%87%8E%E7%94%9F%E5%8A%A8%E7%89%A9&Refer=top
2020-01-31,专家呼吁把N95口罩留给医护人员,https://s.weibo.com/weibo?q=%23%E4%B8%93%E5%AE%B6%E5%91%BC%E5%90%81%E6%8A%8AN95%E5%8F%A3%E7%BD%A9%E7%95%99%E7%BB%99%E5%8C%BB%E6%8A%A4%E4%BA%BA%E5%91%98%23&Refer=top
2020-02-01,8名警察牺牲在疫情防控一线,https://s.weibo.com/weibo?q=%238%E5%90%8D%E8%AD%A6%E5%AF%9F%E7%89%BA%E7%89%B2%E5%9C%A8%E7%96%AB%E6%83%85%E9%98%B2%E6%8E%A7%E4%B8%80%E7%BA%BF%23&Refer=top
2020-02-01,22岁感染科护士的手,https://s.weibo.com/weibo?q=%2322%E5%B2%81%E6%84%9F%E6%9F%93%E7%A7%91%E6%8A%A4%E5%A3%AB%E7%9A%84%E6%89%8B%23&Refer=top
2020-02-02,最早发现疫情的武汉女医生,https://s.weibo.com/weibo?q=%23%E6%9C%80%E6%97%A9%E5%8F%91%E7%8E%B0%E7%96%AB%E6%83%85%E7%9A%84%E6%AD%A6%E6%B1%89%E5%A5%B3%E5%8C%BB%E7%94%9F%23&Refer=top
2020-02-02,武汉拒绝配合隔离者将强制执行,https://s.weibo.com/weibo?q=%E6%AD%A6%E6%B1%89%E6%8B%92%E7%BB%9D%E9%85%8D%E5%90%88%E9%9A%94%E7%A6%BB%E8%80%85%E5%B0%86%E5%BC%BA%E5%88%B6%E6%89%A7%E8%A1%8C&Refer=top
2020-02-02,登记在册在世幸存者仅剩76位,https://s.weibo.com/weibo?q=%23%E7%99%BB%E8%AE%B0%E5%9C%A8%E5%86%8C%E5%9C%A8%E4%B8%96%E5%B9%B8%E5%AD%98%E8%80%85%E4%BB%85%E5%89%A976%E4%BD%8D%23&Refer=top
2020-02-03,确诊病例门把手测出病毒核酸,https://s.weibo.com/weibo?q=%23%E7%A1%AE%E8%AF%8A%E7%97%85%E4%BE%8B%E9%97%A8%E6%8A%8A%E6%89%8B%E6%B5%8B%E5%87%BA%E7%97%85%E6%AF%92%E6%A0%B8%E9%85%B8%23&Refer=top
2020-02-03,上海7个月婴儿被感染,https://s.weibo.com/weibo?q=%23%E4%B8%8A%E6%B5%B77%E4%B8%AA%E6%9C%88%E5%A9%B4%E5%84%BF%E8%A2%AB%E6%84%9F%E6%9F%93%23&Refer=top
2020-02-03,儿童和孕产妇是新型肺炎易感人群,https://s.weibo.com/weibo?q=%23%E5%84%BF%E7%AB%A5%E5%92%8C%E5%AD%95%E4%BA%A7%E5%A6%87%E6%98%AF%E6%96%B0%E5%9E%8B%E8%82%BA%E7%82%8E%E6%98%93%E6%84%9F%E4%BA%BA%E7%BE%A4%23&Refer=top
2020-02-03,15城暂停限号,https://s.weibo.com/weibo?q=%2315%E5%9F%8E%E6%9A%82%E5%81%9C%E9%99%90%E5%8F%B7%23&Refer=top
2020-02-04,正式开学前不要提前网上教学,https://s.weibo.com/weibo?q=%E6%AD%A3%E5%BC%8F%E5%BC%80%E5%AD%A6%E5%89%8D%E4%B8%8D%E8%A6%81%E6%8F%90%E5%89%8D%E7%BD%91%E4%B8%8A%E6%95%99%E5%AD%A6&Refer=top
2020-02-04,确诊病例病死率2.1%,https://s.weibo.com/weibo?q=%E7%A1%AE%E8%AF%8A%E7%97%85%E4%BE%8B%E7%97%85%E6%AD%BB%E7%8E%872.1%25&Refer=top
2020-02-04,哈尔滨所有小区封闭管理,https://s.weibo.com/weibo?q=%E5%93%88%E5%B0%94%E6%BB%A8%E6%89%80%E6%9C%89%E5%B0%8F%E5%8C%BA%E5%B0%81%E9%97%AD%E7%AE%A1%E7%90%86&Refer=top
2020-02-05,武汉百步亭社区多栋发热门栋,https://s.weibo.com/weibo?q=%E6%AD%A6%E6%B1%89%E7%99%BE%E6%AD%A5%E4%BA%AD%E7%A4%BE%E5%8C%BA%E5%A4%9A%E6%A0%8B%E5%8F%91%E7%83%AD%E9%97%A8%E6%A0%8B&Refer=top
2020-02-05,全国累计确诊新型肺炎24324例,https://s.weibo.com/weibo?q=%E5%85%A8%E5%9B%BD%E7%B4%AF%E8%AE%A1%E7%A1%AE%E8%AF%8A%E6%96%B0%E5%9E%8B%E8%82%BA%E7%82%8E24324%E4%BE%8B&Refer=top
2020-02-05,核酸检测医生双手被捂出红斑,https://s.weibo.com/weibo?q=%23%E6%A0%B8%E9%85%B8%E6%A3%80%E6%B5%8B%E5%8C%BB%E7%94%9F%E5%8F%8C%E6%89%8B%E8%A2%AB%E6%8D%82%E5%87%BA%E7%BA%A2%E6%96%91%23&Refer=top
2020-02-05,无症状感染者也可能成为传染源,https://s.weibo.com/weibo?q=%E6%97%A0%E7%97%87%E7%8A%B6%E6%84%9F%E6%9F%93%E8%80%85%E4%B9%9F%E5%8F%AF%E8%83%BD%E6%88%90%E4%B8%BA%E4%BC%A0%E6%9F%93%E6%BA%90&Refer=top
2020-02-05,冠状病毒对紫外线和热敏感,https://s.weibo.com/weibo?q=%23%E5%86%A0%E7%8A%B6%E7%97%85%E6%AF%92%E5%AF%B9%E7%B4%AB%E5%A4%96%E7%BA%BF%E5%92%8C%E7%83%AD%E6%95%8F%E6%84%9F%23&Refer=top
2020-02-06,出门买菜未戴口罩被感染,https://s.weibo.com/weibo?q=%E5%87%BA%E9%97%A8%E4%B9%B0%E8%8F%9C%E6%9C%AA%E6%88%B4%E5%8F%A3%E7%BD%A9%E8%A2%AB%E6%84%9F%E6%9F%93&Refer=top
2020-02-06,央视元宵晚会取消观众设置,https://s.weibo.com/weibo?q=%23%E5%A4%AE%E8%A7%86%E5%85%83%E5%AE%B5%E6%99%9A%E4%BC%9A%E5%8F%96%E6%B6%88%E8%A7%82%E4%BC%97%E8%AE%BE%E7%BD%AE%23&Refer=top
2020-02-06,新华社评大理征用重庆口罩,https://s.weibo.com/weibo?q=%E6%96%B0%E5%8D%8E%E7%A4%BE%E8%AF%84%E5%A4%A7%E7%90%86%E5%BE%81%E7%94%A8%E9%87%8D%E5%BA%86%E5%8F%A3%E7%BD%A9&Refer=top
2020-02-06,口罩喷酒精可能将病毒留在口罩上,https://s.weibo.com/weibo?q=%23%E5%8F%A3%E7%BD%A9%E5%96%B7%E9%85%92%E7%B2%BE%E5%8F%AF%E8%83%BD%E5%B0%86%E7%97%85%E6%AF%92%E7%95%99%E5%9C%A8%E5%8F%A3%E7%BD%A9%E4%B8%8A%23&Refer=top
2020-02-06,科比女儿球衣退役,https://s.weibo.com/weibo?q=%23%E7%A7%91%E6%AF%94%E5%A5%B3%E5%84%BF%E7%90%83%E8%A1%A3%E9%80%80%E5%BD%B9%23&Refer=top
2020-02-07,湖北副省长回应武汉市民网络求助,https://s.weibo.com/weibo?q=%23%E6%B9%96%E5%8C%97%E5%89%AF%E7%9C%81%E9%95%BF%E5%9B%9E%E5%BA%94%E6%AD%A6%E6%B1%89%E5%B8%82%E6%B0%91%E7%BD%91%E7%BB%9C%E6%B1%82%E5%8A%A9%23&Refer=top
2020-02-07,天津一患者致973人被隔离,https://s.weibo.com/weibo?q=%23%E5%A4%A9%E6%B4%A5%E4%B8%80%E6%82%A3%E8%80%85%E8%87%B4973%E4%BA%BA%E8%A2%AB%E9%9A%94%E7%A6%BB%23&Refer=top
2020-02-07,钟南山称疫情拐点还要几天,https://s.weibo.com/weibo?q=%23%E9%92%9F%E5%8D%97%E5%B1%B1%E7%A7%B0%E7%96%AB%E6%83%85%E6%8B%90%E7%82%B9%E8%BF%98%E8%A6%81%E5%87%A0%E5%A4%A9%23&Refer=top
2020-02-07,李文亮医生被认定为工伤,https://s.weibo.com/weibo?q=%23%E6%9D%8E%E6%96%87%E4%BA%AE%E5%8C%BB%E7%94%9F%E8%A2%AB%E8%AE%A4%E5%AE%9A%E4%B8%BA%E5%B7%A5%E4%BC%A4%23&Refer=top
2020-02-08,春节延长假期间上班先安排补休,https://s.weibo.com/weibo?q=%23%E6%98%A5%E8%8A%82%E5%BB%B6%E9%95%BF%E5%81%87%E6%9C%9F%E9%97%B4%E4%B8%8A%E7%8F%AD%E5%85%88%E5%AE%89%E6%8E%92%E8%A1%A5%E4%BC%91%23&Refer=top
2020-02-08,出现咽拭子核酸检测三阴感染者,https://s.weibo.com/weibo?q=%23%E5%87%BA%E7%8E%B0%E5%92%BD%E6%8B%AD%E5%AD%90%E6%A0%B8%E9%85%B8%E6%A3%80%E6%B5%8B%E4%B8%89%E9%98%B4%E6%84%9F%E6%9F%93%E8%80%85%23&Refer=top
2020-02-10,全国累计确诊40171例新冠肺炎,https://s.weibo.com/weibo?q=%E5%85%A8%E5%9B%BD%E7%B4%AF%E8%AE%A1%E7%A1%AE%E8%AF%8A40171%E4%BE%8B%E6%96%B0%E5%86%A0%E8%82%BA%E7%82%8E&Refer=top
2020-02-10,武汉排查出1499名重症患者全部入院,https://s.weibo.com/weibo?q=%E6%AD%A6%E6%B1%89%E6%8E%92%E6%9F%A5%E5%87%BA1499%E5%90%8D%E9%87%8D%E7%97%87%E6%82%A3%E8%80%85%E5%85%A8%E9%83%A8%E5%85%A5%E9%99%A2&Refer=top
2020-02-11,学生旅客3月31前机票可免费退改签,https://s.weibo.com/weibo?q=%23%E5%AD%A6%E7%94%9F%E6%97%85%E5%AE%A23%E6%9C%8831%E5%89%8D%E6%9C%BA%E7%A5%A8%E5%8F%AF%E5%85%8D%E8%B4%B9%E9%80%80%E6%94%B9%E7%AD%BE%23&Refer=top
2020-02-11,武汉疑似病人存量加速消化,https://s.weibo.com/weibo?q=%23%E6%AD%A6%E6%B1%89%E7%96%91%E4%BC%BC%E7%97%85%E4%BA%BA%E5%AD%98%E9%87%8F%E5%8A%A0%E9%80%9F%E6%B6%88%E5%8C%96%23&Refer=top
2020-02-12,新冠病毒疫苗可能在18个月内完成,https://s.weibo.com/weibo?q=%23%E6%96%B0%E5%86%A0%E7%97%85%E6%AF%92%E7%96%AB%E8%8B%97%E5%8F%AF%E8%83%BD%E5%9C%A818%E4%B8%AA%E6%9C%88%E5%86%85%E5%AE%8C%E6%88%90%23&Refer=top
2020-02-13,湖北新增14840例新冠肺炎,https://s.weibo.com/weibo?q=%E6%B9%96%E5%8C%97%E6%96%B0%E5%A2%9E14840%E4%BE%8B%E6%96%B0%E5%86%A0%E8%82%BA%E7%82%8E&Refer=top
2020-02-13,湖北省委主要负责同志职务调整,https://s.weibo.com/weibo?q=%23%E6%B9%96%E5%8C%97%E7%9C%81%E5%A7%94%E4%B8%BB%E8%A6%81%E8%B4%9F%E8%B4%A3%E5%90%8C%E5%BF%97%E8%81%8C%E5%8A%A1%E8%B0%83%E6%95%B4%23&Refer=top
2020-02-13,钟南山团队在患者粪便检出新冠活病毒,https://s.weibo.com/weibo?q=%23%E9%92%9F%E5%8D%97%E5%B1%B1%E5%9B%A2%E9%98%9F%E5%9C%A8%E6%82%A3%E8%80%85%E7%B2%AA%E4%BE%BF%E6%A3%80%E5%87%BA%E6%96%B0%E5%86%A0%E6%B4%BB%E7%97%85%E6%AF%92%23&Refer=top
2020-02-13,武汉感染人数未摸清,https://s.weibo.com/weibo?q=%23%E6%AD%A6%E6%B1%89%E6%84%9F%E6%9F%93%E4%BA%BA%E6%95%B0%E6%9C%AA%E6%91%B8%E6%B8%85%23&Refer=top
2020-02-14,科比妻子宣布曼巴基金改名,https://s.weibo.com/weibo?q=%23%E7%A7%91%E6%AF%94%E5%A6%BB%E5%AD%90%E5%AE%A3%E5%B8%83%E6%9B%BC%E5%B7%B4%E5%9F%BA%E9%87%91%E6%94%B9%E5%90%8D%23&Refer=top
2020-02-14,多地明确延迟开学时间可用暑期补齐,https://s.weibo.com/weibo?q=%23%E5%A4%9A%E5%9C%B0%E6%98%8E%E7%A1%AE%E5%BB%B6%E8%BF%9F%E5%BC%80%E5%AD%A6%E6%97%B6%E9%97%B4%E5%8F%AF%E7%94%A8%E6%9A%91%E6%9C%9F%E8%A1%A5%E9%BD%90%23&Refer=top
2020-02-14,呼吸阀口罩有没有风险,https://s.weibo.com/weibo?q=%23%E5%91%BC%E5%90%B8%E9%98%80%E5%8F%A3%E7%BD%A9%E6%9C%89%E6%B2%A1%E6%9C%89%E9%A3%8E%E9%99%A9%23&Refer=top
2020-02-15,张家界疾控中心科长躲疫情被撤职,https://s.weibo.com/weibo?q=%E5%BC%A0%E5%AE%B6%E7%95%8C%E7%96%BE%E6%8E%A7%E4%B8%AD%E5%BF%83%E7%A7%91%E9%95%BF%E8%BA%B2%E7%96%AB%E6%83%85%E8%A2%AB%E6%92%A4%E8%81%8C&Refer=top
2020-02-15,崇州辅警不配合登记被辞退,https://s.weibo.com/weibo?q=%23%E5%B4%87%E5%B7%9E%E8%BE%85%E8%AD%A6%E4%B8%8D%E9%85%8D%E5%90%88%E7%99%BB%E8%AE%B0%E8%A2%AB%E8%BE%9E%E9%80%80%23&Refer=top
2020-02-16,胡歌 期待早日掀起你的盖头来,https://s.weibo.com/weibo?q=%E8%83%A1%E6%AD%8C%20%E6%9C%9F%E5%BE%85%E6%97%A9%E6%97%A5%E6%8E%80%E8%B5%B7%E4%BD%A0%E7%9A%84%E7%9B%96%E5%A4%B4%E6%9D%A5&Refer=top
2020-02-17,武汉必须开放的公共场所扫码入出,https://s.weibo.com/weibo?q=%23%E6%AD%A6%E6%B1%89%E5%BF%85%E9%A1%BB%E5%BC%80%E6%94%BE%E7%9A%84%E5%85%AC%E5%85%B1%E5%9C%BA%E6%89%80%E6%89%AB%E7%A0%81%E5%85%A5%E5%87%BA%23&Refer=top
2020-02-18,钟南山谈新冠肺炎疫情峰值,https://s.weibo.com/weibo?q=%23%E9%92%9F%E5%8D%97%E5%B1%B1%E8%B0%88%E6%96%B0%E5%86%A0%E8%82%BA%E7%82%8E%E7%96%AB%E6%83%85%E5%B3%B0%E5%80%BC%23&Refer=top
2020-02-21,韩国确认发生超级传播,https://s.weibo.com/weibo?q=%23%E9%9F%A9%E5%9B%BD%E7%A1%AE%E8%AE%A4%E5%8F%91%E7%94%9F%E8%B6%85%E7%BA%A7%E4%BC%A0%E6%92%AD%23&Refer=top
2020-02-21,日本将恢复从中国进口口罩,https://s.weibo.com/weibo?q=%23%E6%97%A5%E6%9C%AC%E5%B0%86%E6%81%A2%E5%A4%8D%E4%BB%8E%E4%B8%AD%E5%9B%BD%E8%BF%9B%E5%8F%A3%E5%8F%A3%E7%BD%A9%23&Refer=top
2020-02-22,钟南山团队从尿液中分离出新冠病毒,https://s.weibo.com/weibo?q=%E9%92%9F%E5%8D%97%E5%B1%B1%E5%9B%A2%E9%98%9F%E4%BB%8E%E5%B0%BF%E6%B6%B2%E4%B8%AD%E5%88%86%E7%A6%BB%E5%87%BA%E6%96%B0%E5%86%A0%E7%97%85%E6%AF%92&Refer=top
2020-02-23,超5000人昨日涌向西湖断桥,https://s.weibo.com/weibo?q=%23%E8%B6%855000%E4%BA%BA%E6%98%A8%E6%97%A5%E6%B6%8C%E5%90%91%E8%A5%BF%E6%B9%96%E6%96%AD%E6%A1%A5%23&Refer=top
2020-02-24,文旅部提醒近期勿往美国旅游,https://s.weibo.com/weibo?q=%23%E6%96%87%E6%97%85%E9%83%A8%E6%8F%90%E9%86%92%E8%BF%91%E6%9C%9F%E5%8B%BF%E5%BE%80%E7%BE%8E%E5%9B%BD%E6%97%85%E6%B8%B8%23&Refer=top
2020-02-25,乔丹哭了,https://s.weibo.com/weibo?q=%23%E4%B9%94%E4%B8%B9%E5%93%AD%E4%BA%86%23&Refer=top
2020-02-25,武汉现有重症占比最近3天下降趋势明显,https://s.weibo.com/weibo?q=%E6%AD%A6%E6%B1%89%E7%8E%B0%E6%9C%89%E9%87%8D%E7%97%87%E5%8D%A0%E6%AF%94%E6%9C%80%E8%BF%913%E5%A4%A9%E4%B8%8B%E9%99%8D%E8%B6%8B%E5%8A%BF%E6%98%8E%E6%98%BE&Refer=top
2020-02-26,东京奥运会可能会取消,https://s.weibo.com/weibo?q=%23%E4%B8%9C%E4%BA%AC%E5%A5%A5%E8%BF%90%E4%BC%9A%E5%8F%AF%E8%83%BD%E4%BC%9A%E5%8F%96%E6%B6%88%23&Refer=top
2020-02-26,我国医用N95口罩日产能突破100万只,https://s.weibo.com/weibo?q=%23%E6%88%91%E5%9B%BD%E5%8C%BB%E7%94%A8N95%E5%8F%A3%E7%BD%A9%E6%97%A5%E4%BA%A7%E8%83%BD%E7%AA%81%E7%A0%B4100%E4%B8%87%E5%8F%AA%23&Refer=top
2020-02-27,浙江10万只鸭子出征巴基斯坦灭蝗,https://s.weibo.com/weibo?q=%E6%B5%99%E6%B1%9F10%E4%B8%87%E5%8F%AA%E9%B8%AD%E5%AD%90%E5%87%BA%E5%BE%81%E5%B7%B4%E5%9F%BA%E6%96%AF%E5%9D%A6%E7%81%AD%E8%9D%97&Refer=top
2020-02-27,钟南山 预测4月底疫情基本控制,https://s.weibo.com/weibo?q=%E9%92%9F%E5%8D%97%E5%B1%B1%20%E9%A2%84%E6%B5%8B4%E6%9C%88%E5%BA%95%E7%96%AB%E6%83%85%E5%9F%BA%E6%9C%AC%E6%8E%A7%E5%88%B6&Refer=top
2020-02-28,韩专家回应精神科几乎全员确诊,https://s.weibo.com/weibo?q=%23%E9%9F%A9%E4%B8%93%E5%AE%B6%E5%9B%9E%E5%BA%94%E7%B2%BE%E7%A5%9E%E7%A7%91%E5%87%A0%E4%B9%8E%E5%85%A8%E5%91%98%E7%A1%AE%E8%AF%8A%23&Refer=top
2020-02-29,安徽全省退出高风险地区,https://s.weibo.com/weibo?q=%23%E5%AE%89%E5%BE%BD%E5%85%A8%E7%9C%81%E9%80%80%E5%87%BA%E9%AB%98%E9%A3%8E%E9%99%A9%E5%9C%B0%E5%8C%BA%23&Refer=top
2020-03-01,80名中国公民在俄隔离遭虐待不实,https://s.weibo.com/weibo?q=80%E5%90%8D%E4%B8%AD%E5%9B%BD%E5%85%AC%E6%B0%91%E5%9C%A8%E4%BF%84%E9%9A%94%E7%A6%BB%E9%81%AD%E8%99%90%E5%BE%85%E4%B8%8D%E5%AE%9E&Refer=top
2020-03-02,王思聪点赞,https://s.weibo.com/weibo?q=%E7%8E%8B%E6%80%9D%E8%81%AA%E7%82%B9%E8%B5%9E&Refer=top
2020-03-04,papi酱生子,https://s.weibo.com/weibo?q=%23papi%E9%85%B1%E7%94%9F%E5%AD%90%23&Refer=top
2020-03-06,陈晓陈妍希计划生二胎,https://s.weibo.com/weibo?q=%23%E9%99%88%E6%99%93%E9%99%88%E5%A6%8D%E5%B8%8C%E8%AE%A1%E5%88%92%E7%94%9F%E4%BA%8C%E8%83%8E%23&Refer=top
2020-03-07,钟南山爷爷给孩子们的回信,https://s.weibo.com/weibo?q=%23%E9%92%9F%E5%8D%97%E5%B1%B1%E7%88%B7%E7%88%B7%E7%BB%99%E5%AD%A9%E5%AD%90%E4%BB%AC%E7%9A%84%E5%9B%9E%E4%BF%A1%23&Refer=top
2020-03-08,吴尊发文,https://s.weibo.com/weibo?q=%23%E5%90%B4%E5%B0%8A%E5%8F%91%E6%96%87%23&Refer=top
2020-03-10,意大利封闭全国,https://s.weibo.com/weibo?q=%E6%84%8F%E5%A4%A7%E5%88%A9%E5%B0%81%E9%97%AD%E5%85%A8%E5%9B%BD&Refer=top
2020-03-12,意大利驻欧盟大使称只有中国回应我们,https://s.weibo.com/weibo?q=%23%E6%84%8F%E5%A4%A7%E5%88%A9%E9%A9%BB%E6%AC%A7%E7%9B%9F%E5%A4%A7%E4%BD%BF%E7%A7%B0%E5%8F%AA%E6%9C%89%E4%B8%AD%E5%9B%BD%E5%9B%9E%E5%BA%94%E6%88%91%E4%BB%AC%23&Refer=top
2020-03-14,大学开学要继续后延,https://s.weibo.com/weibo?q=%23%E5%A4%A7%E5%AD%A6%E5%BC%80%E5%AD%A6%E8%A6%81%E7%BB%A7%E7%BB%AD%E5%90%8E%E5%BB%B6%23&Refer=top
2020-03-15,阿联酋地标为中国亮灯,https://s.weibo.com/weibo?q=%23%E9%98%BF%E8%81%94%E9%85%8B%E5%9C%B0%E6%A0%87%E4%B8%BA%E4%B8%AD%E5%9B%BD%E4%BA%AE%E7%81%AF%23&Refer=top
2020-03-16,唐艺昕肚子,https://s.weibo.com/weibo?q=%E5%94%90%E8%89%BA%E6%98%95%E8%82%9A%E5%AD%90&Refer=top
2020-03-17,特朗普称美国经济可能走向衰退,https://s.weibo.com/weibo?q=%E7%89%B9%E6%9C%97%E6%99%AE%E7%A7%B0%E7%BE%8E%E5%9B%BD%E7%BB%8F%E6%B5%8E%E5%8F%AF%E8%83%BD%E8%B5%B0%E5%90%91%E8%A1%B0%E9%80%80&Refer=top
2020-03-17,黄智博获刑三年三个月,https://s.weibo.com/weibo?q=%23%E9%BB%84%E6%99%BA%E5%8D%9A%E8%8E%B7%E5%88%91%E4%B8%89%E5%B9%B4%E4%B8%89%E4%B8%AA%E6%9C%88%23&Refer=top
2020-03-17,吴尊老婆曾独自拍婚纱照,https://s.weibo.com/weibo?q=%23%E5%90%B4%E5%B0%8A%E8%80%81%E5%A9%86%E6%9B%BE%E7%8B%AC%E8%87%AA%E6%8B%8D%E5%A9%9A%E7%BA%B1%E7%85%A7%23&Refer=top
2020-03-18,张檬回应张萌,https://s.weibo.com/weibo?q=%23%E5%BC%A0%E6%AA%AC%E5%9B%9E%E5%BA%94%E5%BC%A0%E8%90%8C%23&Refer=top
2020-03-18,张萌道歉,https://s.weibo.com/weibo?q=%23%E5%BC%A0%E8%90%8C%E9%81%93%E6%AD%89%23&Refer=top
2020-03-19,李文亮医生有关情况调查通报,https://s.weibo.com/weibo?q=%E6%9D%8E%E6%96%87%E4%BA%AE%E5%8C%BB%E7%94%9F%E6%9C%89%E5%85%B3%E6%83%85%E5%86%B5%E8%B0%83%E6%9F%A5%E9%80%9A%E6%8A%A5&Refer=top
2020-03-21,Kanye,https://s.weibo.com/weibo?q=Kanye&Refer=top
2020-03-23,耿爽说美国贼喊捉贼把戏太拙劣,https://s.weibo.com/weibo?q=%23%E8%80%BF%E7%88%BD%E8%AF%B4%E7%BE%8E%E5%9B%BD%E8%B4%BC%E5%96%8A%E6%8D%89%E8%B4%BC%E6%8A%8A%E6%88%8F%E5%A4%AA%E6%8B%99%E5%8A%A3%23&Refer=top
2020-03-25,特朗普向韩国寻求医疗设备支援,https://s.weibo.com/weibo?q=%23%E7%89%B9%E6%9C%97%E6%99%AE%E5%90%91%E9%9F%A9%E5%9B%BD%E5%AF%BB%E6%B1%82%E5%8C%BB%E7%96%97%E8%AE%BE%E5%A4%87%E6%94%AF%E6%8F%B4%23&Refer=top
2020-03-25,塞尔维亚在中国专家建议下建方舱医院,https://s.weibo.com/weibo?q=%23%E5%A1%9E%E5%B0%94%E7%BB%B4%E4%BA%9A%E5%9C%A8%E4%B8%AD%E5%9B%BD%E4%B8%93%E5%AE%B6%E5%BB%BA%E8%AE%AE%E4%B8%8B%E5%BB%BA%E6%96%B9%E8%88%B1%E5%8C%BB%E9%99%A2%23&Refer=top
2020-03-26,N号房受害人发声,https://s.weibo.com/weibo?q=%23N%E5%8F%B7%E6%88%BF%E5%8F%97%E5%AE%B3%E4%BA%BA%E5%8F%91%E5%A3%B0%23&Refer=top
2020-03-26,纽约市长说别信特朗普虚幻的希望,https://s.weibo.com/weibo?q=%23%E7%BA%BD%E7%BA%A6%E5%B8%82%E9%95%BF%E8%AF%B4%E5%88%AB%E4%BF%A1%E7%89%B9%E6%9C%97%E6%99%AE%E8%99%9A%E5%B9%BB%E7%9A%84%E5%B8%8C%E6%9C%9B%23&Refer=top
2020-03-27,英国首相新冠肺炎检测呈阳性,https://s.weibo.com/weibo?q=%E8%8B%B1%E5%9B%BD%E9%A6%96%E7%9B%B8%E6%96%B0%E5%86%A0%E8%82%BA%E7%82%8E%E6%A3%80%E6%B5%8B%E5%91%88%E9%98%B3%E6%80%A7&Refer=top
2020-03-28,特朗普祝英国首相早日康复,https://s.weibo.com/weibo?q=%23%E7%89%B9%E6%9C%97%E6%99%AE%E7%A5%9D%E8%8B%B1%E5%9B%BD%E9%A6%96%E7%9B%B8%E6%97%A9%E6%97%A5%E5%BA%B7%E5%A4%8D%23&Refer=top
2020-03-29,特朗普称美国能从中国的经历中学到很多,https://s.weibo.com/weibo?q=%23%E7%89%B9%E6%9C%97%E6%99%AE%E7%A7%B0%E7%BE%8E%E5%9B%BD%E8%83%BD%E4%BB%8E%E4%B8%AD%E5%9B%BD%E7%9A%84%E7%BB%8F%E5%8E%86%E4%B8%AD%E5%AD%A6%E5%88%B0%E5%BE%88%E5%A4%9A%23&Refer=top
2020-03-30,疫情可能导致20万美国人死亡,https://s.weibo.com/weibo?q=%23%E7%96%AB%E6%83%85%E5%8F%AF%E8%83%BD%E5%AF%BC%E8%87%B420%E4%B8%87%E7%BE%8E%E5%9B%BD%E4%BA%BA%E6%AD%BB%E4%BA%A1%23&Refer=top
2020-03-31,三个条件不满足不开学,https://s.weibo.com/weibo?q=%23%E4%B8%89%E4%B8%AA%E6%9D%A1%E4%BB%B6%E4%B8%8D%E6%BB%A1%E8%B6%B3%E4%B8%8D%E5%BC%80%E5%AD%A6%23&Refer=top
2020-04-05,美国新冠肺炎确诊人数超过30万,https://s.weibo.com/weibo?q=%23%E7%BE%8E%E5%9B%BD%E6%96%B0%E5%86%A0%E8%82%BA%E7%82%8E%E7%A1%AE%E8%AF%8A%E4%BA%BA%E6%95%B0%E8%B6%85%E8%BF%8730%E4%B8%87%23&Refer=top
2020-04-06,美国第一夫人呼吁民众戴口罩,https://s.weibo.com/weibo?q=%23%E7%BE%8E%E5%9B%BD%E7%AC%AC%E4%B8%80%E5%A4%AB%E4%BA%BA%E5%91%BC%E5%90%81%E6%B0%91%E4%BC%97%E6%88%B4%E5%8F%A3%E7%BD%A9%23&Refer=top
2020-04-08,中国将首次完全以网络形式举办广交会,https://s.weibo.com/weibo?q=%23%E4%B8%AD%E5%9B%BD%E5%B0%86%E9%A6%96%E6%AC%A1%E5%AE%8C%E5%85%A8%E4%BB%A5%E7%BD%91%E7%BB%9C%E5%BD%A2%E5%BC%8F%E4%B8%BE%E5%8A%9E%E5%B9%BF%E4%BA%A4%E4%BC%9A%23&Refer=top
2020-04-09,爱奇艺优酷等11家音视频平台被约谈,https://s.weibo.com/weibo?q=%23%E7%88%B1%E5%A5%87%E8%89%BA%E4%BC%98%E9%85%B7%E7%AD%8911%E5%AE%B6%E9%9F%B3%E8%A7%86%E9%A2%91%E5%B9%B3%E5%8F%B0%E8%A2%AB%E7%BA%A6%E8%B0%88%23&Refer=top
2020-04-10,杰瑞集团已与鲍毓明解除劳动合同,https://s.weibo.com/weibo?q=%23%E6%9D%B0%E7%91%9E%E9%9B%86%E5%9B%A2%E5%B7%B2%E4%B8%8E%E9%B2%8D%E6%AF%93%E6%98%8E%E8%A7%A3%E9%99%A4%E5%8A%B3%E5%8A%A8%E5%90%88%E5%90%8C%23&Refer=top
2020-04-10,鲍毓明回应性侵养女,https://s.weibo.com/weibo?q=%23%E9%B2%8D%E6%AF%93%E6%98%8E%E5%9B%9E%E5%BA%94%E6%80%A7%E4%BE%B5%E5%85%BB%E5%A5%B3%23&Refer=top
2020-04-14,木村拓哉为工藤静香庆生,https://s.weibo.com/weibo?q=%23%E6%9C%A8%E6%9D%91%E6%8B%93%E5%93%89%E4%B8%BA%E5%B7%A5%E8%97%A4%E9%9D%99%E9%A6%99%E5%BA%86%E7%94%9F%23&Refer=top
2020-04-15,钟南山说One world One fight,https://s.weibo.com/weibo?q=%E9%92%9F%E5%8D%97%E5%B1%B1%E8%AF%B4One%20world%20One%20fight&Refer=top
2020-04-15,哈尔滨疑似感染源韩某为女性,https://s.weibo.com/weibo?q=%23%E5%93%88%E5%B0%94%E6%BB%A8%E7%96%91%E4%BC%BC%E6%84%9F%E6%9F%93%E6%BA%90%E9%9F%A9%E6%9F%90%E4%B8%BA%E5%A5%B3%E6%80%A7%23&Refer=top
2020-04-18,具惠善向安宰贤道歉,https://s.weibo.com/weibo?q=%23%E5%85%B7%E6%83%A0%E5%96%84%E5%90%91%E5%AE%89%E5%AE%B0%E8%B4%A4%E9%81%93%E6%AD%89%23&Refer=top
2020-04-23,彭昱畅承认恋情,https://s.weibo.com/weibo?q=%23%E5%BD%AD%E6%98%B1%E7%95%85%E6%89%BF%E8%AE%A4%E6%81%8B%E6%83%85%23&Refer=top
2020-04-24,罗志祥道歉,https://s.weibo.com/weibo?q=%23%E7%BD%97%E5%BF%97%E7%A5%A5%E9%81%93%E6%AD%89%23&Refer=top
2020-04-26,蝴蝶姐姐向周扬青道歉,https://s.weibo.com/weibo?q=%23%E8%9D%B4%E8%9D%B6%E5%A7%90%E5%A7%90%E5%90%91%E5%91%A8%E6%89%AC%E9%9D%92%E9%81%93%E6%AD%89%23&Refer=top
2020-05-07,中信支行行长已撤职,https://s.weibo.com/weibo?q=%E4%B8%AD%E4%BF%A1%E6%94%AF%E8%A1%8C%E8%A1%8C%E9%95%BF%E5%B7%B2%E6%92%A4%E8%81%8C&Refer=top
2020-05-18,黄景瑜 王雨馨,https://s.weibo.com/weibo?q=%E9%BB%84%E6%99%AF%E7%91%9C%20%E7%8E%8B%E9%9B%A8%E9%A6%A8&Refer=top
2020-05-18,中餐厅第四季国内录制,https://s.weibo.com/weibo?q=%23%E4%B8%AD%E9%A4%90%E5%8E%85%E7%AC%AC%E5%9B%9B%E5%AD%A3%E5%9B%BD%E5%86%85%E5%BD%95%E5%88%B6%23&Refer=top
2020-05-20,魏晨结婚,https://s.weibo.com/weibo?q=%E9%AD%8F%E6%99%A8%E7%BB%93%E5%A9%9A&Refer=top
2020-05-26,建议因疫情归国留学生可入学高职高专,https://s.weibo.com/weibo?q=%23%E5%BB%BA%E8%AE%AE%E5%9B%A0%E7%96%AB%E6%83%85%E5%BD%92%E5%9B%BD%E7%95%99%E5%AD%A6%E7%94%9F%E5%8F%AF%E5%85%A5%E5%AD%A6%E9%AB%98%E8%81%8C%E9%AB%98%E4%B8%93%23&Refer=top
2020-05-26,建议父母持合格父母证上岗,https://s.weibo.com/weibo?q=%23%E5%BB%BA%E8%AE%AE%E7%88%B6%E6%AF%8D%E6%8C%81%E5%90%88%E6%A0%BC%E7%88%B6%E6%AF%8D%E8%AF%81%E4%B8%8A%E5%B2%97%23&Refer=top
2020-05-30,青春有你2总决赛,https://s.weibo.com/weibo?q=%E9%9D%92%E6%98%A5%E6%9C%89%E4%BD%A02%E6%80%BB%E5%86%B3%E8%B5%9B&Refer=top
2020-06-01,吴昊宸方否认与马伊P恋情,https://s.weibo.com/weibo?q=%23%E5%90%B4%E6%98%8A%E5%AE%B8%E6%96%B9%E5%90%A6%E8%AE%A4%E4%B8%8E%E9%A9%AC%E4%BC%8A%E7%90%8D%E6%81%8B%E6%83%85%23&Refer=top
2020-06-29,李佳琦落户上海,https://s.weibo.com/weibo?q=%23%E6%9D%8E%E4%BD%B3%E7%90%A6%E8%90%BD%E6%88%B7%E4%B8%8A%E6%B5%B7%23&Refer=top
2020-07-08,美国正式退出世卫组织,https://s.weibo.com/weibo?q=%23%E7%BE%8E%E5%9B%BD%E6%AD%A3%E5%BC%8F%E9%80%80%E5%87%BA%E4%B8%96%E5%8D%AB%E7%BB%84%E7%BB%87%23&Refer=top
2020-07-17,李建群去世,https://s.weibo.com/weibo?q=%23%E6%9D%8E%E5%BB%BA%E7%BE%A4%E5%8E%BB%E4%B8%96%23&Refer=top
2020-07-27,潘玮柏结婚,https://s.weibo.com/weibo?q=%E6%BD%98%E7%8E%AE%E6%9F%8F%E7%BB%93%E5%A9%9A&Refer=top
2020-12-01,Jasper看应采儿亲陈小春的表情,https://s.weibo.com/weibo?q=%23Jasper%E7%9C%8B%E5%BA%94%E9%87%87%E5%84%BF%E4%BA%B2%E9%99%88%E5%B0%8F%E6%98%A5%E7%9A%84%E8%A1%A8%E6%83%85%23&Refer=top
2020-12-31,郭敬明向庄羽道歉,https://s.weibo.com/weibo?q=%23%E9%83%AD%E6%95%AC%E6%98%8E%E5%90%91%E5%BA%84%E7%BE%BD%E9%81%93%E6%AD%89%23&Refer=top
